t_s,gw_id,dr,sf,frequency_hz,rssi_dbm,snr_db,req_db,margin_db,fade_margin_db
11.071939,0,5,7,868300000.000000,-113.049331,3.981568,-7.500000,11.481568,1.481568
191.071939,0,5,7,868500000.000000,-108.338529,8.692371,-7.500000,16.192371,6.192371
371.071939,0,5,7,868500000.000000,-110.116260,6.914640,-7.500000,14.414640,4.414640
551.071939,0,5,7,868300000.000000,-113.306257,3.724643,-7.500000,11.224643,1.224643
731.071939,0,5,7,868100000.000000,-111.645228,5.385672,-7.500000,12.885672,2.885672
